"File","Class"
"new_1_1.mat",0.992662473794549
"new_1_2.mat",0.983053808525507
"new_1_3.mat",0.441649196366177
"new_1_4.mat",0.3298392732355
"new_1_5.mat",0.908280922431866
"new_1_6.mat",0.931691125087352
"new_1_7.mat",0.00786163522012579
"new_1_8.mat",0.576869322152341
"new_1_9.mat",0.947414395527603
"new_1_10.mat",0.435534591194969
"new_1_11.mat",0.729909154437456
"new_1_12.mat",0.167365478686233
"new_1_13.mat",0.00786163522012579
"new_1_14.mat",0.280223619846261
"new_1_15.mat",0.943046820405311
"new_1_16.mat",0.957547169811321
"new_1_17.mat",0.999301187980433
"new_1_18.mat",0.00786163522012579
"new_1_19.mat",0.976764500349406
"new_1_20.mat",0.00786163522012579
"new_1_21.mat",0.944793850454228
"new_1_22.mat",0.909154437456324
"new_1_23.mat",0.985849056603774
"new_1_24.mat",0.957372466806429
"new_1_25.mat",0.678371767994409
"new_1_26.mat",0.922606568832984
"new_1_27.mat",0.963487071977638
"new_1_28.mat",0.86303284416492
"new_1_29.mat",0.958770090845563
"new_1_30.mat",0.950034940600978
"new_1_31.mat",0.855171208944794
"new_1_32.mat",0.991264849755416
"new_1_33.mat",0.38277428371768
"new_1_34.mat",0.00786163522012579
"new_1_35.mat",0.94706498951782
"new_1_36.mat",0.993885394828791
"new_1_37.mat",0.966631726065688
"new_1_38.mat",0.802061495457722
"new_1_39.mat",0.799615653389238
"new_1_40.mat",0.557651991614256
"new_1_41.mat",0.477113906359189
"new_1_42.mat",0.991963661774983
"new_1_43.mat",0.641858839972048
"new_1_44.mat",0.98340321453529
"new_1_45.mat",0.95125786163522
"new_1_46.mat",0.9979035639413
"new_1_47.mat",0.912299091544375
"new_1_48.mat",0.975541579315164
"new_1_49.mat",0.802236198462614
"new_1_50.mat",0.972746331236897
"new_1_51.mat",0.131376659678546
"new_1_52.mat",0.974842767295597
"new_1_53.mat",0.455450733752621
"new_1_54.mat",0.279699510831586
"new_1_55.mat",0.976764500349406
"new_1_56.mat",0.969077568134172
"new_1_57.mat",0.992313067784766
"new_1_58.mat",0.392382948986723
"new_1_59.mat",0.260482180293501
"new_1_60.mat",0.58508036338225
"new_1_61.mat",0.309923130677848
"new_1_62.mat",0.778476589797344
"new_1_63.mat",0.767994409503843
"new_1_64.mat",0.969426974143955
"new_1_65.mat",0.927148846960168
"new_1_66.mat",0.977812718378756
"new_1_67.mat",0.972047519217331
"new_1_68.mat",0.950384346610762
"new_1_69.mat",0.526729559748428
"new_1_70.mat",0.580538085255066
"new_1_71.mat",0.840321453529001
"new_1_72.mat",0.00786163522012579
"new_1_73.mat",0.941649196366177
"new_1_74.mat",0.905136268343816
"new_1_75.mat",0.554682040531097
"new_1_76.mat",0.97921034241789
"new_1_77.mat",0.136443046820405
"new_1_78.mat",0.973794549266247
"new_1_79.mat",0.920335429769392
"new_1_80.mat",0.929944095038435
"new_1_81.mat",0.514325646401118
"new_1_82.mat",0.258385744234801
"new_1_83.mat",0.969077568134172
"new_1_84.mat",0.969601677148847
"new_1_85.mat",0.655310971348707
"new_1_86.mat",0.990566037735849
"new_1_87.mat",0.128057302585604
"new_1_88.mat",0.648672257162823
"new_1_89.mat",0.894129979035639
"new_1_90.mat",0.13591893780573
"new_1_91.mat",0.936408106219427
"new_1_92.mat",0.988294898672257
"new_1_93.mat",0.933438155136268
"new_1_94.mat",0.968029350104822
"new_1_95.mat",0.954577218728162
"new_1_96.mat",0.321453529000699
"new_1_97.mat",0.456848357791754
"new_1_98.mat",0.00786163522012579
"new_1_99.mat",0.406184486373166
"new_1_100.mat",0.958595387840671
"new_1_101.mat",0.971174004192872
"new_1_102.mat",0.911600279524808
"new_1_103.mat",0.76345213137666
"new_1_104.mat",0.996156533892383
"new_1_105.mat",0.937631027253669
"new_1_106.mat",0.563941299790356
"new_1_107.mat",0.944444444444444
"new_1_108.mat",0.963137665967855
"new_1_109.mat",0.95230607966457
"new_1_110.mat",0.367749825296995
"new_1_111.mat",0.992138364779874
"new_1_112.mat",0.592767295597484
"new_1_113.mat",0.993885394828791
"new_1_114.mat",0.374737945492662
"new_1_115.mat",0.955101327742837
"new_1_116.mat",0.447414395527603
"new_1_117.mat",0.88067784765898
"new_1_118.mat",0.00786163522012579
"new_1_119.mat",0.970649895178197
"new_1_120.mat",0.939378057302586
"new_1_121.mat",0.980607966457023
"new_1_122.mat",0.954751921733054
"new_1_123.mat",0.803459119496855
"new_1_124.mat",0.972571628232006
"new_1_125.mat",0.958595387840671
"new_1_126.mat",0.763626834381551
"new_1_127.mat",0.982879105520615
"new_1_128.mat",0.949510831586303
"new_1_129.mat",0.966457023060797
"new_1_130.mat",0.534591194968553
"new_1_131.mat",0.975716282320056
"new_1_132.mat",0.958420684835779
"new_1_133.mat",0.9979035639413
"new_1_134.mat",0.935534591194969
"new_1_135.mat",0.942173305380853
"new_1_136.mat",0.941125087351502
"new_1_137.mat",0.361635220125786
"new_1_138.mat",0.790705800139762
"new_1_139.mat",0.966107617051013
"new_1_140.mat",0.690600978336827
"new_1_141.mat",0.750873515024458
"new_1_142.mat",0.973619846261356
"new_1_143.mat",0.86722571628232
"new_1_144.mat",0.984975541579315
"new_1_145.mat",0.967505241090147
"new_1_146.mat",0.975017470300489
"new_1_147.mat",0.00786163522012579
"new_1_148.mat",0.937980433263452
"new_1_149.mat",0.880852550663871
"new_1_150.mat",0.323375262054507
"new_1_151.mat",0.960691823899371
"new_1_152.mat",0.384521313766597
"new_1_153.mat",0.302061495457722
"new_1_154.mat",0.957197763801537
"new_1_155.mat",0.328441649196366
"new_1_156.mat",0.604472396925227
"new_1_157.mat",0.783368273934312
"new_1_158.mat",0.553808525506639
"new_1_159.mat",0.95230607966457
"new_1_160.mat",0.548567435359888
"new_1_161.mat",0.910202655485674
"new_1_162.mat",0.769566736547869
"new_1_163.mat",0.922781271837876
"new_1_164.mat",0.35482180293501
"new_1_165.mat",0.672781271837876
"new_1_166.mat",0.950559049615653
"new_1_167.mat",0.00786163522012579
"new_1_168.mat",0.918937805730259
"new_1_169.mat",0.985150244584207
"new_1_170.mat",0.334556254367575
"new_1_171.mat",0.114605171208945
"new_1_172.mat",0.178197064989518
"new_1_173.mat",0.938679245283019
"new_1_174.mat",0.985849056603774
"new_1_175.mat",0.959468902865129
"new_1_176.mat",0.94601677148847
"new_1_177.mat",0.00786163522012579
"new_1_178.mat",0.953529000698812
"new_1_179.mat",0.406708595387841
"new_1_180.mat",0.961390635918938
"new_1_181.mat",0.971174004192872
"new_1_182.mat",0.977812718378756
"new_1_183.mat",0.54769392033543
"new_1_184.mat",0.333333333333333
"new_1_185.mat",0.979385045422781
"new_1_186.mat",0.975890985324948
"new_1_187.mat",0.890985324947589
"new_1_188.mat",0.256813417190776
"new_1_189.mat",0.522187281621244
"new_1_190.mat",0.100104821802935
"new_1_191.mat",0.559049615653389
"new_1_192.mat",0.70335429769392
"new_1_193.mat",0.976415094339623
"new_1_194.mat",0.924877707896576
"new_1_195.mat",0.866876310272537
"new_1_196.mat",0.929070580013976
"new_1_197.mat",0.885045422781272
"new_1_198.mat",0.421383647798742
"new_1_199.mat",0.974493361285814
"new_1_200.mat",0.849231306778477
"new_1_201.mat",0.936233403214535
"new_1_202.mat",0.856394129979036
"new_1_203.mat",0.741963661774983
"new_1_204.mat",0.937106918238994
"new_1_205.mat",0.954227812718379
"new_1_206.mat",0.928371767994409
"new_1_207.mat",0.934136967155835
"new_1_208.mat",0.42941998602376
"new_1_209.mat",0.00786163522012579
"new_1_210.mat",0.485150244584207
"new_1_211.mat",0.491439552760307
"new_1_212.mat",0.418238993710692
"new_1_213.mat",0.986373165618449
"new_1_214.mat",0.131376659678546
"new_1_215.mat",0.994060097833683
"new_1_216.mat",0.28109713487072
"new_2_1.mat",0.506464011180992
"new_2_2.mat",0.0384346610761705
"new_2_3.mat",0.850279524807827
"new_2_4.mat",0.732529699510832
"new_2_5.mat",0.21680642907058
"new_2_6.mat",0.511879804332635
"new_2_7.mat",0.726240391334731
"new_2_8.mat",0.217330538085255
"new_2_9.mat",0.12858141160028
"new_2_10.mat",0.89517819706499
"new_2_11.mat",0.0314465408805031
"new_2_12.mat",0.602900069881202
"new_2_13.mat",0.345038434661076
"new_2_14.mat",0.827568134171908
"new_2_15.mat",0.913696715583508
"new_2_16.mat",0.737770789657582
"new_2_17.mat",0.337700908455625
"new_2_18.mat",0.683263452131377
"new_2_19.mat",0.227987421383648
"new_2_20.mat",0.770614954577219
"new_2_21.mat",0.545248078266946
"new_2_22.mat",0.715059399021663
"new_2_23.mat",0.521488469601677
"new_2_24.mat",0.186408106219427
"new_2_25.mat",0.0394828791055206
"new_2_26.mat",0.00786163522012579
"new_2_27.mat",0.71995108315863
"new_2_28.mat",0.772711390635919
"new_2_29.mat",0.815688329839273
"new_2_30.mat",0.61408106219427
"new_2_31.mat",0.739343116701607
"new_2_32.mat",0.324423480083857
"new_2_33.mat",0.606743535988819
"new_2_34.mat",0.305555555555556
"new_2_35.mat",0.703179594689029
"new_2_36.mat",0.31533892382949
"new_2_37.mat",0.391858839972048
"new_2_38.mat",0.765723270440252
"new_2_39.mat",0.157756813417191
"new_2_40.mat",0.0354647099930119
"new_2_41.mat",0.29769392033543
"new_2_42.mat",0.157058001397624
"new_2_43.mat",0.65251572327044
"new_2_44.mat",0.389238294898672
"new_2_45.mat",0.236198462613557
"new_2_46.mat",0.818134171907757
"new_2_47.mat",0.894304682040531
"new_2_48.mat",0.499825296995108
"new_2_49.mat",0.663696715583508
"new_2_50.mat",0.245632424877708
"new_2_51.mat",0.868623340321453
"new_2_52.mat",0.473095737246681
"new_2_53.mat",0.695842068483578
"new_2_54.mat",0.597134870719776
"new_2_55.mat",0.777777777777778
"new_2_56.mat",0.172781271837876
"new_2_57.mat",0.0775681341719078
"new_2_58.mat",0.982180293501048
"new_2_59.mat",0.505590496156534
"new_2_60.mat",0.153214535290007
"new_2_61.mat",0.589273235499651
"new_2_62.mat",0.743011879804333
"new_2_63.mat",0.630503144654088
"new_2_64.mat",0.267470300489168
"new_2_65.mat",0.231656184486373
"new_2_66.mat",0.640461215932914
"new_2_67.mat",0.341020265548567
"new_2_68.mat",0.872641509433962
"new_2_69.mat",0.569007686932215
"new_2_70.mat",0.553284416491964
"new_2_71.mat",0.213487071977638
"new_2_72.mat",0.0352900069881202
"new_2_73.mat",0.947414395527603
"new_2_74.mat",0.513626834381551
"new_2_75.mat",0.916841369671558
"new_2_76.mat",0.638364779874214
"new_2_77.mat",0.88696715583508
"new_2_78.mat",0.683787561146052
"new_2_79.mat",0.438853948287911
"new_2_80.mat",0.329140461215933
"new_2_81.mat",0.0361635220125786
"new_2_82.mat",0.409154437456324
"new_2_83.mat",0.00786163522012579
"new_2_84.mat",0.660027952480783
"new_2_85.mat",0.334206848357792
"new_2_86.mat",0.244758909853249
"new_2_87.mat",0.808350803633823
"new_2_88.mat",0.766422082459818
"new_2_89.mat",0.526729559748428
"new_2_90.mat",0.888539482879106
"new_2_91.mat",0.110237596086653
"new_2_92.mat",0.44916142557652
"new_2_93.mat",0.614954577218728
"new_2_94.mat",0.00786163522012579
"new_2_95.mat",0.183787561146052
"new_2_96.mat",0.663522012578616
"new_2_97.mat",0.671558350803634
"new_2_98.mat",0.569881201956674
"new_2_99.mat",0.735674353598882
"new_2_100.mat",0.760656883298393
"new_2_101.mat",0.523060796645702
"new_2_102.mat",0.822501747030049
"new_2_103.mat",0.532844164919637
"new_2_104.mat",0.481481481481482
"new_2_105.mat",0.777253668763103
"new_2_106.mat",0.0220125786163522
"new_2_107.mat",0.0482180293501048
"new_2_108.mat",0.00786163522012579
"new_2_109.mat",0.599231306778477
"new_2_110.mat",0.821977638015374
"new_2_111.mat",0.617749825296995
"new_2_112.mat",0.0780922431865828
"new_2_113.mat",0.709993011879804
"new_2_114.mat",0.404786862334032
"new_2_115.mat",0.603948287910552
"new_2_116.mat",0.175751222921034
"new_2_117.mat",0.39937106918239
"new_2_118.mat",0.572851153039832
"new_2_119.mat",0.530398322851153
"new_2_120.mat",0.693570929419986
"new_2_121.mat",0.349930118798043
"new_2_122.mat",0.206848357791754
"new_2_123.mat",0.340670859538784
"new_2_124.mat",0.0899720475192173
"new_2_125.mat",0.332634521313767
"new_2_126.mat",0.165793151642208
"new_2_127.mat",0.116002795248078
"new_2_128.mat",0.564465408805031
"new_2_129.mat",0.78633822501747
"new_2_130.mat",0.322501747030049
"new_2_131.mat",0.604472396925227
"new_2_132.mat",0.104647099930119
"new_2_133.mat",0.916491963661775
"new_2_134.mat",0.0342417889587701
"new_2_135.mat",0.66491963661775
"new_2_136.mat",0.639762403913347
"new_2_137.mat",0.395003494060098
"new_2_138.mat",0.808001397624039
"new_2_139.mat",0.683962264150943
"new_2_140.mat",0.00786163522012579
"new_2_141.mat",0.0686582809224319
"new_2_142.mat",0.203004891684137
"new_2_143.mat",0.696540880503145
"new_2_144.mat",0.133473095737247
"new_2_145.mat",0.901118099231307
"new_2_146.mat",0.563766596785465
"new_2_147.mat",0.0651642208245982
"new_2_148.mat",0.00786163522012579
"new_2_149.mat",0.79664570230608
"new_2_150.mat",0.475366876310273
"new_2_151.mat",0.809748427672956
"new_2_152.mat",0.907931516422082
"new_2_153.mat",0.146575821104123
"new_2_154.mat",0.906359189378057
"new_2_155.mat",0.172955974842767
"new_2_156.mat",0.666841369671558
"new_2_157.mat",0.852550663871419
"new_2_158.mat",0.737246680642907
"new_2_159.mat",0.815863032844165
"new_2_160.mat",0.577393431167016
"new_2_161.mat",0.883647798742138
"new_2_162.mat",0.616876310272537
"new_2_163.mat",0.0894479385045423
"new_2_164.mat",0.889063591893781
"new_2_165.mat",0.390985324947589
"new_2_166.mat",0.134346610761705
"new_2_167.mat",0.923130677847659
"new_2_168.mat",0.675052410901468
"new_2_169.mat",0.155136268343815
"new_2_170.mat",0.508735150244584
"new_2_171.mat",0.785814116002795
"new_2_172.mat",0.726065688329839
"new_2_173.mat",0.624563242487771
"new_2_174.mat",0.439552760307477
"new_2_175.mat",0.909678546470999
"new_2_176.mat",0.766946191474493
"new_2_177.mat",0.393081761006289
"new_2_178.mat",0.0826345213137666
"new_2_179.mat",0.364779874213836
"new_2_180.mat",0.794898672257163
"new_2_181.mat",0.441299790356394
"new_2_182.mat",0.443745632424878
"new_2_183.mat",0.219426974143955
"new_2_184.mat",0.295422781271838
"new_2_185.mat",0.803808525506639
"new_2_186.mat",0.493885394828791
"new_2_187.mat",0.108315863032844
"new_2_188.mat",0.0592243186582809
"new_2_189.mat",0.456324248777079
"new_2_190.mat",0.998777078965758
"new_2_191.mat",0.78424178895877
"new_2_192.mat",0.0242837176799441
"new_2_193.mat",0.879105520614955
"new_2_194.mat",0.586303284416492
"new_2_195.mat",0.0314465408805031
"new_2_196.mat",0.826694619147449
"new_2_197.mat",0.533542976939203
"new_2_198.mat",0.475017470300489
"new_2_199.mat",0.592417889587701
"new_2_200.mat",0.794025157232704
"new_2_201.mat",0.732704402515723
"new_2_202.mat",0.876484975541579
"new_2_203.mat",0.426624737945493
"new_2_204.mat",0.165094339622642
"new_2_205.mat",0.888539482879106
"new_2_206.mat",0.422781271837876
"new_2_207.mat",0.462438853948288
"new_2_208.mat",0.639412997903564
"new_2_209.mat",0.643780573025856
"new_2_210.mat",0.782669461914745
"new_2_211.mat",0.7458071278826
"new_2_212.mat",0.846086652690426
"new_2_213.mat",0.26974143955276
"new_2_214.mat",0.182040531097135
"new_2_215.mat",0.792627533193571
"new_2_216.mat",0.656359189378057
"new_2_217.mat",0.706498951781971
"new_2_218.mat",0.857092941998602
"new_2_219.mat",0.442348008385744
"new_2_220.mat",0.302236198462614
"new_2_221.mat",0.11722571628232
"new_2_222.mat",0.68675751222921
"new_2_223.mat",0.324772886093641
"new_2_224.mat",0.311495457721873
"new_2_225.mat",0.726939203354298
"new_2_226.mat",0.0312718378756115
"new_2_227.mat",0.335779175401817
"new_2_228.mat",0.406883298392732
"new_2_229.mat",0.382948986722572
"new_2_230.mat",0.65356394129979
"new_2_231.mat",0.814640111809923
"new_2_232.mat",0.0952131376659679
"new_2_233.mat",0.321278825995807
"new_2_234.mat",0.541229909154437
"new_2_235.mat",0.887840670859539
"new_2_236.mat",0.423130677847659
"new_2_237.mat",0.00786163522012579
"new_2_238.mat",0.809224318658281
"new_2_239.mat",0.715583508036338
"new_2_240.mat",0.0925925925925926
"new_2_241.mat",0.0483927323549965
"new_2_242.mat",0.562893081761006
"new_2_243.mat",0.254716981132075
"new_2_244.mat",0.538784067085954
"new_2_245.mat",0.529699510831586
"new_2_246.mat",0.689727463312369
"new_2_247.mat",0.833333333333333
"new_2_248.mat",0.582634521313767
"new_2_249.mat",0.496505939902166
"new_2_250.mat",0.650069881201957
"new_2_251.mat",0.813591893780573
"new_2_252.mat",0.656533892382949
"new_2_253.mat",0.58508036338225
"new_2_254.mat",0.169461914744934
"new_2_255.mat",0.850454227812718
"new_2_256.mat",0.650069881201957
"new_2_257.mat",0.750174703004892
"new_2_258.mat",0.380852550663871
"new_2_259.mat",0.223445143256464
"new_2_260.mat",0.227113906359189
"new_2_261.mat",0.561844863731656
"new_2_262.mat",0.844514325646401
"new_2_263.mat",0.645877009084556
"new_2_264.mat",0.820405310971349
"new_2_265.mat",0.790181691125087
"new_2_266.mat",0.518343815513627
"new_2_267.mat",0.503843466107617
"new_2_268.mat",0.899545772187282
"new_2_269.mat",0.656359189378057
"new_2_270.mat",0.698462613556953
"new_2_271.mat",0.848008385744235
"new_2_272.mat",0.562718378756115
"new_2_273.mat",0.115303983228512
"new_2_274.mat",0.0267295597484277
"new_2_275.mat",0.030398322851153
"new_2_276.mat",0.26450034940601
"new_2_277.mat",0.559923130677848
"new_2_278.mat",0.440600978336827
"new_2_279.mat",0.526030747728861
"new_2_280.mat",0.0623689727463312
"new_2_281.mat",0.0997554157931516
"new_2_282.mat",0.626135569531796
"new_2_283.mat",0.755765199161426
"new_2_284.mat",0.196890286512928
"new_2_285.mat",0.415094339622642
"new_2_286.mat",0.721698113207547
"new_2_287.mat",0.0695317959468903
"new_2_288.mat",0.0262054507337526
"new_2_289.mat",0.836477987421384
"new_2_290.mat",0.537561146051712
"new_2_291.mat",0.942522711390636
"new_2_292.mat",0.127707896575821
"new_2_293.mat",0.647973445143256
"new_2_294.mat",0.788958770090846
"new_2_295.mat",0.291754018169113
"new_2_296.mat",0.340845562543676
"new_2_297.mat",0.842417889587701
"new_2_298.mat",0.623165618448637
"new_2_299.mat",0.6680642907058
"new_2_300.mat",0.309224318658281
"new_2_301.mat",0.86617749825297
"new_2_302.mat",0.404437456324249
"new_2_303.mat",0.548043326345213
"new_2_304.mat",0.239867225716282
"new_2_305.mat",0.489168413696716
"new_2_306.mat",0.823375262054507
"new_2_307.mat",0.910726764500349
"new_2_308.mat",0.835429769392034
"new_2_309.mat",0.626484975541579
"new_2_310.mat",0.757512229210342
"new_2_311.mat",0.342243186582809
"new_2_312.mat",0.507686932215234
"new_2_313.mat",0.805730258560447
"new_2_314.mat",0.425227113906359
"new_2_315.mat",0.588399720475192
"new_2_316.mat",0.612683438155136
"new_2_317.mat",0.123515024458421
"new_2_318.mat",0.810796645702306
"new_2_319.mat",0.877707896575821
"new_2_320.mat",0.905660377358491
"new_2_321.mat",0.854996505939902
"new_2_322.mat",0.0459468902865129
"new_2_323.mat",0.833158630328442
"new_2_324.mat",0.0621942697414396
"new_2_325.mat",0.541055206149546
"new_2_326.mat",0.818308874912648
"new_2_327.mat",0.755590496156534
"new_2_328.mat",0.342068483577918
"new_2_329.mat",0.0300489168413697
"new_2_330.mat",0.904088050314465
"new_2_331.mat",0.616701607267645
"new_2_332.mat",0.466631726065688
"new_2_333.mat",0.888888888888889
"new_2_334.mat",0.726939203354298
"new_2_335.mat",0.0461215932914046
"new_2_336.mat",0.0188679245283019
"new_2_337.mat",0.629105520614955
"new_2_338.mat",0.369496855345912
"new_2_339.mat",0.302061495457722
"new_2_340.mat",0.256988120195667
"new_2_341.mat",0.00786163522012579
"new_2_342.mat",0.911949685534591
"new_2_343.mat",0.110587002096436
"new_2_344.mat",0.0309224318658281
"new_2_345.mat",0.621593291404612
"new_2_346.mat",0.855520614954577
"new_2_347.mat",0.112858141160028
"new_2_348.mat",0.834206848357792
"new_2_349.mat",0.162299091544375
"new_2_350.mat",0.0857791754018169
"new_2_351.mat",0.338749126484976
"new_2_352.mat",0.791754018169113
"new_2_353.mat",0.809923130677848
"new_2_354.mat",0.822676450034941
"new_2_355.mat",0.120545073375262
"new_2_356.mat",0.544025157232704
"new_2_357.mat",0.134171907756813
"new_2_358.mat",0.714185883997205
"new_2_359.mat",0.0548567435359888
"new_2_360.mat",0.843466107617051
"new_2_361.mat",0.807651991614256
"new_2_362.mat",0.28529000698812
"new_2_363.mat",0.403389238294899
"new_2_364.mat",0.935883997204752
"new_2_365.mat",0.389412997903564
"new_2_366.mat",0.613382250174703
"new_2_367.mat",0.167540181691125
"new_2_368.mat",0.0676100628930818
"new_2_369.mat",0.500873515024458
"new_2_370.mat",0.363556953179595
"new_2_371.mat",0.326345213137666
"new_2_372.mat",0.188155136268344
"new_2_373.mat",0.809224318658281
"new_2_374.mat",0.880503144654088
"new_2_375.mat",0.642208245981831
"new_2_376.mat",0.316037735849057
"new_2_377.mat",0.653039832285115
"new_2_378.mat",0.0941649196366178
"new_2_379.mat",0.665094339622642
"new_2_380.mat",0.618623340321453
"new_2_381.mat",0.321104122990915
"new_2_382.mat",0.589273235499651
"new_2_383.mat",0.610237596086653
"new_2_384.mat",0.688329839273236
"new_2_385.mat",0.460342417889588
"new_2_386.mat",0.281795946890287
"new_2_387.mat",0.322152341020266
"new_2_388.mat",0.789832285115304
"new_2_389.mat",0.774458420684836
"new_2_390.mat",0.848008385744235
"new_2_391.mat",0.86722571628232
"new_2_392.mat",0.0333682739343117
"new_2_393.mat",0.771663172606569
"new_2_394.mat",0.489517819706499
"new_2_395.mat",0.030398322851153
"new_2_396.mat",0.233228511530398
"new_2_397.mat",0.828616352201258
"new_2_398.mat",0.115478686233403
"new_2_399.mat",0.224318658280922
"new_2_400.mat",0.0391334730957372
"new_2_401.mat",0.0826345213137666
"new_2_402.mat",0.752271139063592
"new_2_403.mat",0.687106918238994
"new_2_404.mat",0.472222222222222
"new_2_405.mat",0.873689727463312
"new_2_406.mat",0.158805031446541
"new_2_407.mat",0.878756114605171
"new_2_408.mat",0.0391334730957372
"new_2_409.mat",0.745981830887491
"new_2_410.mat",0.090146750524109
"new_2_411.mat",0.563766596785465
"new_2_412.mat",0.916317260656883
"new_2_413.mat",0.839273235499651
"new_2_414.mat",0.495457721872816
"new_2_415.mat",0.69916142557652
"new_2_416.mat",0.665793151642208
"new_2_417.mat",0.552410901467505
"new_2_418.mat",0.219776380153739
"new_2_419.mat",0.771663172606569
"new_2_420.mat",0.00786163522012579
"new_2_421.mat",0.750873515024458
"new_2_422.mat",0.426100628930818
"new_2_423.mat",0.810621942697414
"new_2_424.mat",0.245632424877708
"new_2_425.mat",0.4117749825297
"new_2_426.mat",0.819357092941999
"new_2_427.mat",0.412124388539483
"new_2_428.mat",0.063067784765898
"new_2_429.mat",0.440775681341719
"new_2_430.mat",0.452655485674354
"new_2_431.mat",0.48130677847659
"new_2_432.mat",0.894479385045423
"new_2_433.mat",0.00786163522012579
"new_2_434.mat",0.501222921034242
"new_2_435.mat",0.258385744234801
"new_2_436.mat",0.349930118798043
"new_2_437.mat",0.56219426974144
"new_2_438.mat",0.329315164220825
"new_2_439.mat",0.878930817610063
"new_2_440.mat",0.169636617749825
"new_2_441.mat",0.470125786163522
"new_2_442.mat",0.125087351502446
"new_2_443.mat",0.742837176799441
"new_2_444.mat",0.801362683438155
"new_2_445.mat",0.38487071977638
"new_2_446.mat",0.793850454227813
"new_2_447.mat",0.41282320055905
"new_2_448.mat",0.209294199860238
"new_2_449.mat",0.680293501048218
"new_2_450.mat",0.671558350803634
"new_2_451.mat",0.0548567435359888
"new_2_452.mat",0.582110412299092
"new_2_453.mat",0.827044025157233
"new_2_454.mat",0.589447938504542
"new_2_455.mat",0.483577917540182
"new_2_456.mat",0.0461215932914046
"new_2_457.mat",0.560971348707198
"new_2_458.mat",0.0326694619147449
"new_2_459.mat",0.0606219426974144
"new_2_460.mat",0.240566037735849
"new_2_461.mat",0.102550663871419
"new_2_462.mat",0.651118099231307
"new_2_463.mat",0.694968553459119
"new_2_464.mat",0.782669461914745
"new_2_465.mat",0.113731656184486
"new_2_466.mat",0.507861635220126
"new_2_467.mat",0.64517819706499
"new_2_468.mat",0.944793850454228
"new_2_469.mat",0.812893081761006
"new_2_470.mat",0.913172606568833
"new_2_471.mat",0.921907756813417
"new_2_472.mat",0.629105520614955
"new_2_473.mat",0.682739343116702
"new_2_474.mat",0.572327044025157
"new_2_475.mat",0.0670859538784067
"new_2_476.mat",0.0517120894479385
"new_2_477.mat",0.688504542278127
"new_2_478.mat",0.390286512928022
"new_2_479.mat",0.8340321453529
"new_2_480.mat",0.497728860936408
"new_2_481.mat",0.613906359189378
"new_2_482.mat",0.556254367575122
"new_2_483.mat",0.54664570230608
"new_2_484.mat",0.0386093640810622
"new_2_485.mat",0.477812718378756
"new_2_486.mat",0.78319357092942
"new_2_487.mat",0.41911250873515
"new_2_488.mat",0.917365478686233
"new_2_489.mat",0.125611460517121
"new_2_490.mat",0.671034241788959
"new_2_491.mat",0.400244584206848
"new_2_492.mat",0.00786163522012579
"new_2_493.mat",0.528825995807128
"new_2_494.mat",0.64727463312369
"new_2_495.mat",0.81743535988819
"new_2_496.mat",0.494758909853249
"new_2_497.mat",0.804856743535989
"new_2_498.mat",0.671034241788959
"new_2_499.mat",0.00786163522012579
"new_2_500.mat",0.265723270440252
"new_2_501.mat",0.0843815513626834
"new_2_502.mat",0.424353598881901
"new_2_503.mat",0.76869322152341
"new_2_504.mat",0.646051712089448
"new_2_505.mat",0.726065688329839
"new_2_506.mat",0.725366876310273
"new_2_507.mat",0.612334032145353
"new_2_508.mat",0.309399021663173
"new_2_509.mat",0.877009084556254
"new_2_510.mat",0.84643605870021
"new_2_511.mat",0.333857442348008
"new_2_512.mat",0.291579315164221
"new_2_513.mat",0.812893081761006
"new_2_514.mat",0.783717679944095
"new_2_515.mat",0.0639412997903564
"new_2_516.mat",0.476764500349406
"new_2_517.mat",0.522012578616352
"new_2_518.mat",0.320405310971349
"new_2_519.mat",0.877183787561146
"new_2_520.mat",0.306953179594689
"new_2_521.mat",0.318658280922432
"new_2_522.mat",0.535988819007687
"new_2_523.mat",0.0988819007686932
"new_2_524.mat",0.449860237596087
"new_2_525.mat",0.834730957372467
"new_2_526.mat",0.902166317260657
"new_2_527.mat",0.539657582110412
"new_2_528.mat",0.735150244584207
"new_2_529.mat",0.711914744933613
"new_2_530.mat",0.279175401816911
"new_2_531.mat",0.740915443745632
"new_2_532.mat",0.613382250174703
"new_2_533.mat",0.689028651292802
"new_2_534.mat",0.68256464011181
"new_2_535.mat",0.827742837176799
"new_2_536.mat",0.377358490566038
"new_2_537.mat",0.0974842767295598
"new_2_538.mat",0.888714185883997
"new_2_539.mat",0.212962962962963
"new_2_540.mat",0.450733752620545
"new_2_541.mat",0.572501747030049
"new_2_542.mat",0.0787910552061495
"new_2_543.mat",0.825995807127883
"new_2_544.mat",0.636617749825297
"new_2_545.mat",0.435534591194969
"new_2_546.mat",0.483577917540182
"new_2_547.mat",0.807651991614256
"new_2_548.mat",0.814640111809923
"new_2_549.mat",0.433962264150943
"new_2_550.mat",0.897449336128581
"new_2_551.mat",0.802061495457722
"new_2_552.mat",0.482529699510832
"new_2_553.mat",0.811146051712089
"new_2_554.mat",0.561670160726764
"new_2_555.mat",0.0279524807826695
"new_2_556.mat",0.854122990915444
"new_2_557.mat",0.643780573025856
"new_2_558.mat",0.693396226415094
"new_2_559.mat",0.353948287910552
"new_2_560.mat",0.377009084556254
"new_2_561.mat",0.65146750524109
"new_2_562.mat",0.857442348008386
"new_2_563.mat",0.734626135569532
"new_2_564.mat",0.0539832285115304
"new_2_565.mat",0.696366177498253
"new_2_566.mat",0.372292103424179
"new_2_567.mat",0.456149545772187
"new_2_568.mat",0.620719776380154
"new_2_569.mat",0.295422781271838
"new_2_570.mat",0.804856743535989
"new_2_571.mat",0.340146750524109
"new_2_572.mat",0.630852550663871
"new_2_573.mat",0.474143955276031
"new_2_574.mat",0.825296995108316
"new_2_575.mat",0.574772886093641
"new_2_576.mat",0.698986722571628
"new_2_577.mat",0.00786163522012579
"new_2_578.mat",0.483577917540182
"new_2_579.mat",0.820055904961565
"new_2_580.mat",0.295772187281621
"new_2_581.mat",0.800314465408805
"new_2_582.mat",0.0485674353598882
"new_2_583.mat",0.03319357092942
"new_2_584.mat",0.477638015373864
"new_2_585.mat",0.695143256464011
"new_2_586.mat",0.178546470999301
"new_2_587.mat",0.0447239692522711
"new_2_588.mat",0.364779874213837
"new_2_589.mat",0.0157232704402516
"new_2_590.mat",0.817610062893082
"new_2_591.mat",0.16701607267645
"new_2_592.mat",0.69916142557652
"new_2_593.mat",0.606219426974144
"new_2_594.mat",0.649720475192173
"new_2_595.mat",0.0761705101327743
"new_2_596.mat",0.371069182389937
"new_2_597.mat",0.594164919636618
"new_2_598.mat",0.33298392732355
"new_2_599.mat",0.224493361285814
"new_2_600.mat",0.160377358490566
"new_2_601.mat",0.755066387141859
"new_2_602.mat",0.220824598183089
"new_2_603.mat",0.873689727463312
"new_2_604.mat",0.668588399720475
"new_2_605.mat",0.244409503843466
"new_2_606.mat",0.023759608665269
"new_2_607.mat",0.250698812019567
"new_2_608.mat",0.526380153738644
"new_2_609.mat",0.323200559049616
"new_2_610.mat",0.0387840670859539
"new_2_611.mat",0.408455625436758
"new_2_612.mat",0.691299790356394
"new_2_613.mat",0.832459818308875
"new_2_614.mat",0.830712788259958
"new_2_615.mat",0.625262054507338
"new_2_616.mat",0.240391334730957
"new_2_617.mat",0.093466107617051
"new_2_618.mat",0.581761006289308
"new_2_619.mat",0.155660377358491
"new_2_620.mat",0.770090845562544
"new_2_621.mat",0.858839972047519
"new_2_622.mat",0.456498951781971
"new_2_623.mat",0.239692522711391
"new_2_624.mat",0.847134870719776
"new_2_625.mat",0.0296995108315863
"new_2_626.mat",0.316037735849057
"new_2_627.mat",0.963487071977638
"new_2_628.mat",0.117400419287212
"new_2_629.mat",0.678197064989518
"new_2_630.mat",0.720125786163522
"new_2_631.mat",0.203878406708595
"new_2_632.mat",0.123864430468204
"new_2_633.mat",0.00786163522012579
"new_2_634.mat",0.193046820405311
"new_2_635.mat",0.135744234800839
"new_2_636.mat",0.23759608665269
"new_2_637.mat",0.848183088749127
"new_2_638.mat",0.538784067085954
"new_2_639.mat",0.624912648497554
"new_2_640.mat",0.288085255066387
"new_2_641.mat",0.765199161425577
"new_2_642.mat",0.454227812718379
"new_2_643.mat",0.692872117400419
"new_2_644.mat",0.881027253668763
"new_2_645.mat",0.636443046820405
"new_2_646.mat",0.528127183787561
"new_2_647.mat",0.841194968553459
"new_2_648.mat",0.580538085255066
"new_2_649.mat",0.541229909154437
"new_2_650.mat",0.616526904262753
"new_2_651.mat",0.852375960866527
"new_2_652.mat",0.110761705101328
"new_2_653.mat",0.215583508036338
"new_2_654.mat",0.748078266946192
"new_2_655.mat",0.202480782669462
"new_2_656.mat",0.115653389238295
"new_2_657.mat",0.0384346610761705
"new_2_658.mat",0.231132075471698
"new_2_659.mat",0.621593291404612
"new_2_660.mat",0.863731656184486
"new_2_661.mat",0.0293501048218029
"new_2_662.mat",0.78004891684137
"new_2_663.mat",0.675576519916143
"new_2_664.mat",0.083508036338225
"new_2_665.mat",0.624213836477987
"new_2_666.mat",0.719077568134172
"new_2_667.mat",0.810097833682739
"new_2_668.mat",0.0815863032844165
"new_2_669.mat",0.28738644304682
"new_2_670.mat",0.679594689028651
"new_2_671.mat",0.853074772886094
"new_2_672.mat",0.742313067784766
"new_2_673.mat",0.543850454227813
"new_2_674.mat",0.907058001397624
"new_2_675.mat",0.706498951781971
"new_2_676.mat",0.852375960866527
"new_2_677.mat",0.270440251572327
"new_2_678.mat",0.592417889587701
"new_2_679.mat",0.0202655485674354
"new_2_680.mat",0.618798043326345
"new_2_681.mat",0.652166317260657
"new_2_682.mat",0.332459818308875
"new_2_683.mat",0.749650593990217
"new_2_684.mat",0.822676450034941
"new_2_685.mat",0.135744234800839
"new_2_686.mat",0.107791754018169
"new_2_687.mat",0.825821104122991
"new_2_688.mat",0.179245283018868
"new_2_689.mat",0.445317959468903
"new_2_690.mat",0.718728162124389
"new_2_691.mat",0.751747030048917
"new_2_692.mat",0.928197064989518
"new_2_693.mat",0.11408106219427
"new_2_694.mat",0.669986023759609
"new_2_695.mat",0.583508036338225
"new_2_696.mat",0.796121593291405
"new_2_697.mat",0.480957372466806
"new_2_698.mat",0.866876310272537
"new_2_699.mat",0.667714884696017
"new_2_700.mat",0.619846261355695
"new_2_701.mat",0.229909154437456
"new_2_702.mat",0.928546470999301
"new_2_703.mat",0.112508735150245
"new_2_704.mat",0.896750524109015
"new_2_705.mat",0.891160027952481
"new_2_706.mat",0.583333333333333
"new_2_707.mat",0.808874912648498
"new_2_708.mat",0.426100628930818
"new_2_709.mat",0.875262054507338
"new_2_710.mat",0.744409503843466
"new_2_711.mat",0.574598183088749
"new_2_712.mat",0.797868623340321
"new_2_713.mat",0.0300489168413697
"new_2_714.mat",0.676799440950384
"new_2_715.mat",0.787910552061495
"new_2_716.mat",0.0600978336827393
"new_2_717.mat",0.0283018867924528
"new_2_718.mat",0.303808525506639
"new_2_719.mat",0.133473095737247
"new_2_720.mat",0.401292802236198
"new_2_721.mat",0.623864430468204
"new_2_722.mat",0.834905660377358
"new_2_723.mat",0.356918238993711
"new_2_724.mat",0.0255066387141859
"new_2_725.mat",0.623864430468204
"new_2_726.mat",0.608839972047519
"new_2_727.mat",0.77900069881202
"new_2_728.mat",0.813067784765898
"new_2_729.mat",0.674528301886792
"new_2_730.mat",0.641684136967156
"new_2_731.mat",0.609713487071978
"new_2_732.mat",0.801362683438155
"new_2_733.mat",0.48025856044724
"new_2_734.mat",0.0391334730957372
"new_2_735.mat",0.900244584206848
"new_2_736.mat",0.598183088749127
"new_2_737.mat",0.334381551362683
"new_2_738.mat",0.612159329140461
"new_2_739.mat",0.753668763102725
"new_2_740.mat",0.00786163522012579
"new_2_741.mat",0.389412997903564
"new_2_742.mat",0.456673654786862
"new_2_743.mat",0.468553459119497
"new_2_744.mat",0.580538085255066
"new_2_745.mat",0.548043326345213
"new_2_746.mat",0.747030048916841
"new_2_747.mat",0.192697414395528
"new_2_748.mat",0.748602375960867
"new_2_749.mat",0.144304682040531
"new_2_750.mat",0.0288259958071279
"new_2_751.mat",0.0274283717679944
"new_2_752.mat",0.102900069881202
"new_2_753.mat",0.196366177498253
"new_2_754.mat",0.47099930118798
"new_2_755.mat",0.219426974143955
"new_2_756.mat",0.550314465408805
"new_2_757.mat",0.0745981830887491
"new_2_758.mat",0.855520614954577
"new_2_759.mat",0.137491264849755
"new_2_760.mat",0.722921034241789
"new_2_761.mat",0.748078266946192
"new_2_762.mat",0.502795248078267
"new_2_763.mat",0.603424178895877
"new_2_764.mat",0.606044723969252
"new_2_765.mat",0.904437456324249
"new_2_766.mat",0.199510831586303
"new_2_767.mat",0.740391334730957
"new_2_768.mat",0.577568134171908
"new_2_769.mat",0.717679944095038
"new_2_770.mat",0.288609364081062
"new_2_771.mat",0.643256464011181
"new_2_772.mat",0.554157931516422
"new_2_773.mat",0.874912648497554
"new_2_774.mat",0.768343815513627
"new_2_775.mat",0.654088050314465
"new_2_776.mat",0.186582809224319
"new_2_777.mat",0.842068483577918
"new_2_778.mat",0.184136967155835
"new_2_779.mat",0.661425576519916
"new_2_780.mat",0.643431167016073
"new_2_781.mat",0.66282320055905
"new_2_782.mat",0.200908455625437
"new_2_783.mat",0.551537386443047
"new_2_784.mat",0.696191474493361
"new_2_785.mat",0.493361285814116
"new_2_786.mat",0.924004192872117
"new_2_787.mat",0.394304682040531
"new_2_788.mat",0.890810621942697
"new_2_789.mat",0.350279524807827
"new_2_790.mat",0.717505241090147
"new_2_791.mat",0.504891684136967
"new_2_792.mat",0.828092243186583
"new_2_793.mat",0.586477987421384
"new_2_794.mat",0.880852550663871
"new_2_795.mat",0.815164220824598
"new_2_796.mat",0.847658979734451
"new_2_797.mat",0.0899720475192173
"new_2_798.mat",0.71366177498253
"new_2_799.mat",0.0228860936408106
"new_2_800.mat",0.809224318658281
"new_2_801.mat",0.629280223619846
"new_2_802.mat",0.586827393431167
"new_2_803.mat",0.0441998602375961
"new_2_804.mat",0.255241090146751
"new_2_805.mat",0.341020265548567
"new_2_806.mat",0.417889587700908
"new_2_807.mat",0.866002795248078
"new_2_808.mat",0.454053109713487
"new_2_809.mat",0.059748427672956
"new_2_810.mat",0.100279524807827
"new_2_811.mat",0.317085953878407
"new_2_812.mat",0.508735150244584
"new_2_813.mat",0.473095737246681
"new_2_814.mat",0.19706498951782
"new_2_815.mat",0.946191474493361
"new_2_816.mat",0.0508385744234801
"new_2_817.mat",0.175227113906359
"new_2_818.mat",0.362159329140461
"new_2_819.mat",0.551013277428372
"new_2_820.mat",0.0864779874213836
"new_2_821.mat",0.0618448637316562
"new_2_822.mat",0.830712788259958
"new_2_823.mat",0.221872816212439
"new_2_824.mat",0.886443046820405
"new_2_825.mat",0.115303983228512
"new_2_826.mat",0.383298392732355
"new_2_827.mat",0.443221523410203
"new_2_828.mat",0.211041229909154
"new_2_829.mat",0.54664570230608
"new_2_830.mat",0.49685534591195
"new_2_831.mat",0.578616352201258
"new_2_832.mat",0.769566736547869
"new_2_833.mat",0.478860936408106
"new_2_834.mat",0.912124388539483
"new_2_835.mat",0.821104122990915
"new_2_836.mat",0.699685534591195
"new_2_837.mat",0.825646401118099
"new_2_838.mat",0.353424178895877
"new_2_839.mat",0.852026554856744
"new_2_840.mat",0.107617051013277
"new_2_841.mat",0.441998602375961
"new_2_842.mat",0.165618448637317
"new_2_843.mat",0.657931516422082
"new_2_844.mat",0.424178895877009
"new_2_845.mat",0.794374563242488
"new_2_846.mat",0.19601677148847
"new_2_847.mat",0.607966457023061
"new_2_848.mat",0.0228860936408106
"new_2_849.mat",0.802410901467505
"new_2_850.mat",0.48340321453529
"new_2_851.mat",0.0291754018169113
"new_2_852.mat",0.0345911949685535
"new_2_853.mat",0.594863731656184
"new_2_854.mat",0.775506638714186
"new_2_855.mat",0.3340321453529
"new_2_856.mat",0.0344164919636618
"new_2_857.mat",0.0452480782669462
"new_2_858.mat",0.570405310971349
"new_2_859.mat",0.0759958071278826
"new_2_860.mat",0.14832285115304
"new_2_861.mat",0.0838574423480084
"new_2_862.mat",0.672082459818309
"new_2_863.mat",0.787037037037037
"new_2_864.mat",0.489168413696716
"new_2_865.mat",0.439552760307477
"new_2_866.mat",0.391160027952481
"new_2_867.mat",0.688504542278127
"new_2_868.mat",0.642732354996506
"new_2_869.mat",0.814116002795248
"new_2_870.mat",0.850803633822502
"new_2_871.mat",0.759259259259259
"new_2_872.mat",0.926799440950384
"new_2_873.mat",0.0209643605870021
"new_2_874.mat",0.814116002795248
"new_2_875.mat",0.839447938504542
"new_2_876.mat",0.600803633822502
"new_2_877.mat",0.840321453529001
"new_2_878.mat",0.902690426275332
"new_2_879.mat",0.591369671558351
"new_2_880.mat",0.784765897973445
"new_2_881.mat",0.0169461914744934
"new_2_882.mat",0.621767994409504
"new_2_883.mat",0.47099930118798
"new_2_884.mat",0.857617051013277
"new_2_885.mat",0.846261355695318
"new_2_886.mat",0.834206848357792
"new_2_887.mat",0.647798742138365
"new_2_888.mat",0.575296995108316
"new_2_889.mat",0.877882599580713
"new_2_890.mat",0.029874213836478
"new_2_891.mat",0.232005590496157
"new_2_892.mat",0.172257162823201
"new_2_893.mat",0.523235499650594
"new_2_894.mat",0.816037735849057
"new_2_895.mat",0.867400419287212
"new_2_896.mat",0.777777777777778
"new_2_897.mat",0.459993011879804
"new_2_898.mat",0.0571278825995807
"new_2_899.mat",0.628057302585604
"new_2_900.mat",0.647798742138365
"new_2_901.mat",0.761006289308176
"new_2_902.mat",0.877183787561146
"new_2_903.mat",0.918763102725367
"new_2_904.mat",0.467505241090147
"new_2_905.mat",0.0878756114605171
"new_2_906.mat",0.314989517819706
"new_2_907.mat",0.372990915443746
"new_2_908.mat",0.472047519217331
"new_2_909.mat",0.0288259958071279
"new_2_910.mat",0.494234800838574
"new_2_911.mat",0.752795248078267
"new_2_912.mat",0.547868623340321
"new_2_913.mat",0.784591194968553
"new_2_914.mat",0.535988819007687
"new_2_915.mat",0.00786163522012579
"new_2_916.mat",0.62037037037037
"new_2_917.mat",0.849930118798043
"new_2_918.mat",0.932914046121593
"new_2_919.mat",0.559399021663173
"new_2_920.mat",0.303633822501747
"new_2_921.mat",0.365828092243187
"new_2_922.mat",0.461740041928721
"new_2_923.mat",0.404088050314465
"new_2_924.mat",0.858141160027952
"new_2_925.mat",0.85062893081761
"new_2_926.mat",0.308350803633823
"new_2_927.mat",0.615653389238295
"new_2_928.mat",0.345562543675751
"new_2_929.mat",0.758735150244584
"new_2_930.mat",0.692872117400419
"new_2_931.mat",0.418413696715583
"new_2_932.mat",0.0646401118099231
"new_2_933.mat",0.96470999301188
"new_2_934.mat",0.75
"new_2_935.mat",0.745981830887491
"new_2_936.mat",0.247554157931516
"new_2_937.mat",0.291055206149546
"new_2_938.mat",0.073025856044724
"new_2_939.mat",0.754367575122292
"new_2_940.mat",0.444269741439553
"new_2_941.mat",0.751222921034242
"new_2_942.mat",0.663347309573725
"new_2_943.mat",0.451607267645003
"new_2_944.mat",0.207372466806429
"new_2_945.mat",0.143256464011181
"new_2_946.mat",0.699685534591195
"new_2_947.mat",0.0468204053109713
"new_2_948.mat",0.705800139762404
"new_2_949.mat",0.461390635918938
"new_2_950.mat",0.544025157232704
"new_2_951.mat",0.854996505939902
"new_2_952.mat",0.21366177498253
"new_2_953.mat",0.946366177498253
"new_2_954.mat",0.787037037037037
"new_2_955.mat",0.863731656184486
"new_2_956.mat",0.121243885394829
"new_2_957.mat",0.36512928022362
"new_2_958.mat",0.828092243186583
"new_2_959.mat",0.0452480782669462
"new_2_960.mat",0.813417190775681
"new_2_961.mat",0.76240391334731
"new_2_962.mat",0.205276030747729
"new_2_963.mat",0.552061495457722
"new_2_964.mat",0.928546470999301
"new_2_965.mat",0.78529000698812
"new_2_966.mat",0.616352201257862
"new_2_967.mat",0.253843466107617
"new_2_968.mat",0.757686932215234
"new_2_969.mat",0.425751222921034
"new_2_970.mat",0.43361285814116
"new_2_971.mat",0.820230607966457
"new_2_972.mat",0.208071278825996
"new_2_973.mat",0.698986722571628
"new_2_974.mat",0.187456324248777
"new_2_975.mat",0.596785464709993
"new_2_976.mat",0.484276729559748
"new_2_977.mat",0.519042627533194
"new_2_978.mat",0.747728860936408
"new_2_979.mat",0.698986722571628
"new_2_980.mat",0.560796645702306
"new_2_981.mat",0.920684835779175
"new_2_982.mat",0.344164919636618
"new_2_983.mat",0.249301187980433
"new_2_984.mat",0.0593990216631726
"new_2_985.mat",0.747379454926625
"new_2_986.mat",0.222396925227114
"new_2_987.mat",0.476589797344514
"new_2_988.mat",0.0885744234800839
"new_2_989.mat",0.733577917540182
"new_2_990.mat",0.756289308176101
"new_2_991.mat",0.601153039832285
"new_2_992.mat",0.199510831586303
"new_2_993.mat",0.720125786163522
"new_2_994.mat",0.851502445842068
"new_2_995.mat",0.728162124388539
"new_2_996.mat",0.0443745632424878
"new_2_997.mat",0.248252969951083
"new_2_998.mat",0.0167714884696017
"new_2_999.mat",0.434311670160727
"new_2_1000.mat",0.280223619846261
"new_2_1001.mat",0.81743535988819
"new_2_1002.mat",0.381027253668763
"new_3_1.mat",0.551712089447938
"new_3_2.mat",0.41491963661775
"new_3_3.mat",0.275331935709294
"new_3_4.mat",0.630503144654088
"new_3_5.mat",0.43046820405311
"new_3_6.mat",0.294374563242488
"new_3_7.mat",0.260132774283718
"new_3_8.mat",0.785639412997904
"new_3_9.mat",0.53529000698812
"new_3_10.mat",0.397798742138365
"new_3_11.mat",0.080188679245283
"new_3_12.mat",0.909329140461216
"new_3_13.mat",0.445317959468903
"new_3_14.mat",0.215234102026555
"new_3_15.mat",0.331761006289308
"new_3_16.mat",0.0770440251572327
"new_3_17.mat",0.729559748427673
"new_3_18.mat",0.624388539482879
"new_3_19.mat",0.271139063591894
"new_3_20.mat",0.695842068483578
"new_3_21.mat",0.0200908455625437
"new_3_22.mat",0.0538085255066387
"new_3_23.mat",0.28529000698812
"new_3_24.mat",0.292976939203354
"new_3_25.mat",0.411600279524808
"new_3_26.mat",0.303633822501747
"new_3_27.mat",0.88801537386443
"new_3_28.mat",0.233577917540182
"new_3_29.mat",0.313417190775681
"new_3_30.mat",0.580013976240391
"new_3_31.mat",0.520440251572327
"new_3_32.mat",0.457023060796646
"new_3_33.mat",0.233577917540182
"new_3_34.mat",0.23445143256464
"new_3_35.mat",0.307651991614256
"new_3_36.mat",0.389762403913347
"new_3_37.mat",0.677672955974843
"new_3_38.mat",0.237945492662474
"new_3_39.mat",0.731656184486373
"new_3_40.mat",0.486722571628232
"new_3_41.mat",0.4979035639413
"new_3_42.mat",0.392033542976939
"new_3_43.mat",0.915443745632425
"new_3_44.mat",0.407756813417191
"new_3_45.mat",0.501222921034242
"new_3_46.mat",0.364779874213837
"new_3_47.mat",0.28109713487072
"new_3_48.mat",0.44496855345912
"new_3_49.mat",0.180118798043326
"new_3_50.mat",0.278651292802236
"new_3_51.mat",0.259783368273934
"new_3_52.mat",0.458420684835779
"new_3_53.mat",0.389762403913347
"new_3_54.mat",0.498777078965758
"new_3_55.mat",0.606394129979036
"new_3_56.mat",0.635744234800839
"new_3_57.mat",0.523934311670161
"new_3_58.mat",0.749301187980433
"new_3_59.mat",0.385744234800839
"new_3_60.mat",0.445492662473795
"new_3_61.mat",0.197763801537386
"new_3_62.mat",0.609014675052411
"new_3_63.mat",0.712264150943396
"new_3_64.mat",0.429594689028651
"new_3_65.mat",0.176275331935709
"new_3_66.mat",0.250349406009783
"new_3_67.mat",0.217155835080363
"new_3_68.mat",0.528127183787561
"new_3_69.mat",0.766422082459818
"new_3_70.mat",0.454577218728162
"new_3_71.mat",0.399720475192173
"new_3_72.mat",0.21680642907058
"new_3_73.mat",0.401292802236198
"new_3_74.mat",0.336477987421384
"new_3_75.mat",0.318308874912648
"new_3_76.mat",0.187456324248777
"new_3_77.mat",0.408805031446541
"new_3_78.mat",0.334381551362683
"new_3_79.mat",0.334556254367575
"new_3_80.mat",0.636268343815514
"new_3_81.mat",0.499650593990217
"new_3_82.mat",0.0726764500349406
"new_3_83.mat",0.177498252969951
"new_3_84.mat",0.152865129280224
"new_3_85.mat",0.343116701607268
"new_3_86.mat",0.205800139762404
"new_3_87.mat",0.206149545772187
"new_3_88.mat",0.294025157232704
"new_3_89.mat",0.193046820405311
"new_3_90.mat",0.164046121593291
"new_3_91.mat",0.276030747728861
"new_3_92.mat",0.0384346610761705
"new_3_93.mat",0.192697414395528
"new_3_94.mat",0.886617749825297
"new_3_95.mat",0.51450034940601
"new_3_96.mat",0.93046820405311
"new_3_97.mat",0.154961565338924
"new_3_98.mat",0.421034241788959
"new_3_99.mat",0.143955276030748
"new_3_100.mat",0.716107617051013
"new_3_101.mat",0.26345213137666
"new_3_102.mat",0.371942697414396
"new_3_103.mat",0.446366177498253
"new_3_104.mat",0.84748427672956
"new_3_105.mat",0.542802236198463
"new_3_106.mat",0.504891684136967
"new_3_107.mat",0.494758909853249
"new_3_108.mat",0.477638015373864
"new_3_109.mat",0.721872816212439
"new_3_110.mat",0.297519217330538
"new_3_111.mat",0.149545772187282
"new_3_112.mat",0.567959468902865
"new_3_113.mat",0.215932914046122
"new_3_114.mat",0.248602375960867
"new_3_115.mat",0.223619846261356
"new_3_116.mat",0.539482879105521
"new_3_117.mat",0.437281621243885
"new_3_118.mat",0.545073375262054
"new_3_119.mat",0.0955625436757512
"new_3_120.mat",0.205974842767296
"new_3_121.mat",0.198462613556953
"new_3_122.mat",0.43466107617051
"new_3_123.mat",0.363382250174703
"new_3_124.mat",0.198812019566737
"new_3_125.mat",0.116352201257862
"new_3_126.mat",0.299615653389238
"new_3_127.mat",0.264675052410902
"new_3_128.mat",0.312368972746331
"new_3_129.mat",0.513626834381551
"new_3_130.mat",0.503668763102725
"new_3_131.mat",0.310796645702306
"new_3_132.mat",0.217679944095038
"new_3_133.mat",0.458245981830887
"new_3_134.mat",0.552585604472397
"new_3_135.mat",0.622466806429071
"new_3_136.mat",0.0922431865828092
"new_3_137.mat",0.350454227812718
"new_3_138.mat",0.610936408106219
"new_3_139.mat",0.26554856743536
"new_3_140.mat",0.332110412299092
"new_3_141.mat",0.10062893081761
"new_3_142.mat",0.577393431167016
"new_3_143.mat",0.197589098532495
"new_3_144.mat",0.250349406009783
"new_3_145.mat",0.632075471698113
"new_3_146.mat",0.75314465408805
"new_3_147.mat",0.648672257162823
"new_3_148.mat",0.649545772187282
"new_3_149.mat",0.32879105520615
"new_3_150.mat",0.441998602375961
"new_3_151.mat",0.665618448637317
"new_3_152.mat",0.36408106219427
"new_3_153.mat",0.330538085255066
"new_3_154.mat",0.721698113207547
"new_3_155.mat",0.769392033542977
"new_3_156.mat",0.162299091544375
"new_3_157.mat",0.65041928721174
"new_3_158.mat",0.209818308874913
"new_3_159.mat",0.454751921733054
"new_3_160.mat",0.425925925925926
"new_3_161.mat",0.543850454227813
"new_3_162.mat",0.605695317959469
"new_3_163.mat",0.155136268343816
"new_3_164.mat",0.171733053808525
"new_3_165.mat",0.78633822501747
"new_3_166.mat",0.330188679245283
"new_3_167.mat",0.289308176100629
"new_3_168.mat",0.52078965758211
"new_3_169.mat",0.313766596785465
"new_3_170.mat",0.189727463312369
"new_3_171.mat",0.212089447938505
"new_3_172.mat",0.06638714185884
"new_3_173.mat",0.472396925227114
"new_3_174.mat",0.603598881900769
"new_3_175.mat",0.396925227113906
"new_3_176.mat",0.0595737246680643
"new_3_177.mat",0.417889587700908
"new_3_178.mat",0.587700908455625
"new_3_179.mat",0.313941299790356
"new_3_180.mat",0.153738644304682
"new_3_181.mat",0.238819007686932
"new_3_182.mat",0.916841369671558
"new_3_183.mat",0.654088050314465
"new_3_184.mat",0.206149545772187
"new_3_185.mat",0.260132774283718
"new_3_186.mat",0.328616352201258
"new_3_187.mat",0.654961565338924
"new_3_188.mat",0.499825296995108
"new_3_189.mat",0.840496156533892
"new_3_190.mat",0.973619846261356
"new_3_191.mat",0.876135569531796
"new_3_192.mat",0.0684835779175402
"new_3_193.mat",0.204751921733054
"new_3_194.mat",0.482879105520615
"new_3_195.mat",0.448462613556953
"new_3_196.mat",0.309748427672956
"new_3_197.mat",0.471523410202655
"new_3_198.mat",0.564465408805031
"new_3_199.mat",0.491439552760307
"new_3_200.mat",0.194444444444444
"new_3_201.mat",0.153214535290007
"new_3_202.mat",0.313067784765898
"new_3_203.mat",0.0994060097833683
"new_3_204.mat",0.398672257162823
"new_3_205.mat",0.0489168413696716
"new_3_206.mat",0.375611460517121
"new_3_207.mat",0.516072676450035
"new_3_208.mat",0.966282320055905
"new_3_209.mat",0.805555555555556
"new_3_210.mat",0.581586303284417
"new_3_211.mat",0.547344514325646
"new_3_212.mat",0.286512928022362
"new_3_213.mat",0.13277428371768
"new_3_214.mat",0.425401816911251
"new_3_215.mat",0.446366177498253
"new_3_216.mat",0.255415793151642
"new_3_217.mat",0.999126484975542
"new_3_218.mat",0.322501747030049
"new_3_219.mat",0.331586303284417
"new_3_220.mat",0.427323549965059
"new_3_221.mat",0.274283717679944
"new_3_222.mat",0.649545772187282
"new_3_223.mat",0.806079664570231
"new_3_224.mat",0.155835080363382
"new_3_225.mat",0.46575821104123
"new_3_226.mat",0.239692522711391
"new_3_227.mat",0.223969252271139
"new_3_228.mat",0.36303284416492
"new_3_229.mat",0.352550663871419
"new_3_230.mat",0.205974842767296
"new_3_231.mat",0.243186582809224
"new_3_232.mat",0.83508036338225
"new_3_233.mat",0.273759608665269
"new_3_234.mat",0.654612159329141
"new_3_235.mat",0.399720475192173
"new_3_236.mat",0.445667365478686
"new_3_237.mat",0.443570929419986
"new_3_238.mat",0.536687631027254
"new_3_239.mat",0.504367575122292
"new_3_240.mat",0.671907756813417
"new_3_241.mat",0.684311670160727
"new_3_242.mat",0.516771488469602
"new_3_243.mat",0.624388539482879
"new_3_244.mat",0.487246680642907
"new_3_245.mat",0.115303983228512
"new_3_246.mat",0.740915443745632
"new_3_247.mat",0.789657582110412
"new_3_248.mat",0.411250873515024
"new_3_249.mat",0.458071278825996
"new_3_250.mat",0.234626135569532
"new_3_251.mat",0.871243885394829
"new_3_252.mat",0.939028651292802
"new_3_253.mat",0.157232704402516
"new_3_254.mat",0.718553459119497
"new_3_255.mat",0.679594689028651
"new_3_256.mat",0.555555555555556
"new_3_257.mat",0.391858839972048
"new_3_258.mat",0.275506638714186
"new_3_259.mat",0.709294199860238
"new_3_260.mat",0.304157931516422
"new_3_261.mat",0.492313067784766
"new_3_262.mat",0.868798043326345
"new_3_263.mat",0.169636617749825
"new_3_264.mat",0.18466107617051
"new_3_265.mat",0.284591194968553
"new_3_266.mat",0.397624039133473
"new_3_267.mat",0.335255066387142
"new_3_268.mat",0.792452830188679
"new_3_269.mat",0.405660377358491
"new_3_270.mat",0.314989517819706
"new_3_271.mat",0.171383647798742
"new_3_272.mat",0.384171907756813
"new_3_273.mat",0.303459119496855
"new_3_274.mat",0.30398322851153
"new_3_275.mat",0.252969951083159
"new_3_276.mat",0.145877009084556
"new_3_277.mat",0.584556254367575
"new_3_278.mat",0.349755415793152
"new_3_279.mat",0.144129979035639
"new_3_280.mat",0.469252271139064
"new_3_281.mat",0.108665269042628
"new_3_282.mat",0.425576519916143
"new_3_283.mat",0.248078266946191
"new_3_284.mat",0.383298392732355
"new_3_285.mat",0.877533193570929
"new_3_286.mat",0.363731656184486
"new_3_287.mat",0.46366177498253
"new_3_288.mat",0.283892382948987
"new_3_289.mat",0.289482879105521
"new_3_290.mat",0.222222222222222
"new_3_291.mat",0.240915443745632
"new_3_292.mat",0.617400419287212
"new_3_293.mat",0.273584905660377
"new_3_294.mat",0.554507337526206
"new_3_295.mat",0.0611460517120894
"new_3_296.mat",0.320230607966457
"new_3_297.mat",0.926450034940601
"new_3_298.mat",0.427148846960168
"new_3_299.mat",0.140286512928022
"new_3_300.mat",0.774807826694619
"new_3_301.mat",0.355171208944794
"new_3_302.mat",0.333508036338225
"new_3_303.mat",0.234102026554857
"new_3_304.mat",0.775506638714186
"new_3_305.mat",0.810971348707198
"new_3_306.mat",0.243885394828791
"new_3_307.mat",0.570929419986024
"new_3_308.mat",0.303284416491964
"new_3_309.mat",0.534940600978337
"new_3_310.mat",0.283018867924528
"new_3_311.mat",0.54559748427673
"new_3_312.mat",0.44706498951782
"new_3_313.mat",0.598881900768693
"new_3_314.mat",0.935185185185185
"new_3_315.mat",0.575995807127883
"new_3_316.mat",0.829140461215933
"new_3_317.mat",0.422606568832984
"new_3_318.mat",0.696715583508036
"new_3_319.mat",0.378057302585604
"new_3_320.mat",0.19811320754717
"new_3_321.mat",0.51869322152341
"new_3_322.mat",0.679245283018868
"new_3_323.mat",0.0889238294898672
"new_3_324.mat",0.619671558350804
"new_3_325.mat",0.20020964360587
"new_3_326.mat",0.619496855345912
"new_3_327.mat",0.145877009084556
"new_3_328.mat",0.243186582809224
"new_3_329.mat",0.589622641509434
"new_3_330.mat",0.328441649196366
"new_3_331.mat",0.426799440950384
"new_3_332.mat",0.425227113906359
"new_3_333.mat",0.203703703703704
"new_3_334.mat",0.533892382948987
"new_3_335.mat",0.411425576519916
"new_3_336.mat",0.10272536687631
"new_3_337.mat",0.242662473794549
"new_3_338.mat",0.255241090146751
"new_3_339.mat",0.260307477288609
"new_3_340.mat",0.196191474493361
"new_3_341.mat",0.639937106918239
"new_3_342.mat",0.56533892382949
"new_3_343.mat",0.405485674353599
"new_3_344.mat",0.223619846261356
"new_3_345.mat",0.423305380852551
"new_3_346.mat",0.593466107617051
"new_3_347.mat",0.466282320055905
"new_3_348.mat",0.235674353598882
"new_3_349.mat",0.826694619147449
"new_3_350.mat",0.82879105520615
"new_3_351.mat",0.304332634521314
"new_3_352.mat",0.28529000698812
"new_3_353.mat",0.177847658979734
"new_3_354.mat",0.679245283018868
"new_3_355.mat",0.287735849056604
"new_3_356.mat",0.693745632424878
"new_3_357.mat",0.110062893081761
"new_3_358.mat",0.128756114605171
"new_3_359.mat",0.637141858839972
"new_3_360.mat",0.244584206848358
"new_3_361.mat",0.764325646401118
"new_3_362.mat",0.585429769392034
"new_3_363.mat",0.887491264849755
"new_3_364.mat",0.434486373165618
"new_3_365.mat",0.606918238993711
"new_3_366.mat",0.817959468902865
"new_3_367.mat",0.173130677847659
"new_3_368.mat",0.893081761006289
"new_3_369.mat",0.135220125786164
"new_3_370.mat",0.165618448637317
"new_3_371.mat",0.368798043326345
"new_3_372.mat",0.276904262753319
"new_3_373.mat",0.046470999301188
"new_3_374.mat",0.620719776380154
"new_3_375.mat",0.14832285115304
"new_3_376.mat",0.233228511530398
"new_3_377.mat",0.589098532494759
"new_3_378.mat",0.672082459818309
"new_3_379.mat",0.377358490566038
"new_3_380.mat",0.739692522711391
"new_3_381.mat",0.363906359189378
"new_3_382.mat",0.211390635918938
"new_3_383.mat",0.410202655485674
"new_3_384.mat",0.223095737246681
"new_3_385.mat",0.436058700209644
"new_3_386.mat",0.364779874213836
"new_3_387.mat",0.136792452830189
"new_3_388.mat",0.413347309573725
"new_3_389.mat",0.364255765199161
"new_3_390.mat",0.0548567435359888
"new_3_391.mat",0.832285115303983
"new_3_392.mat",0.39727463312369
"new_3_393.mat",0.412124388539483
"new_3_394.mat",0.41491963661775
"new_3_395.mat",0.422257162823201
"new_3_396.mat",0.204577218728162
"new_3_397.mat",0.177148846960168
"new_3_398.mat",0.261355695317959
"new_3_399.mat",0.109189378057303
"new_3_400.mat",0.516946191474493
"new_3_401.mat",0.151642208245982
"new_3_402.mat",0.828441649196366
"new_3_403.mat",0.593291404612159
"new_3_404.mat",0.718553459119497
"new_3_405.mat",0.447763801537386
"new_3_406.mat",0.250873515024458
"new_3_407.mat",0.086827393431167
"new_3_408.mat",0.706149545772187
"new_3_409.mat",0.520964360587002
"new_3_410.mat",0.518867924528302
"new_3_411.mat",0.280223619846261
"new_3_412.mat",0.647449336128581
"new_3_413.mat",0.486373165618449
"new_3_414.mat",0.183787561146052
"new_3_415.mat",0.442173305380853
"new_3_416.mat",0.472396925227114
"new_3_417.mat",0.359713487071978
"new_3_418.mat",0.678022361984626
"new_3_419.mat",0.31533892382949
"new_3_420.mat",0.36932215234102
"new_3_421.mat",0.570230607966457
"new_3_422.mat",0.511180992313068
"new_3_423.mat",0.676624737945493
"new_3_424.mat",0.545772187281621
"new_3_425.mat",0.910726764500349
"new_3_426.mat",0.611111111111111
"new_3_427.mat",0.78214535290007
"new_3_428.mat",0.444269741439553
"new_3_429.mat",0.278301886792453
"new_3_430.mat",0.48549965059399
"new_3_431.mat",0.164744933612858
"new_3_432.mat",0.182040531097135
"new_3_433.mat",0.442348008385744
"new_3_434.mat",0.418238993710692
"new_3_435.mat",0.723619846261356
"new_3_436.mat",0.166317260656883
"new_3_437.mat",0.604122990915444
"new_3_438.mat",0.252795248078267
"new_3_439.mat",0.779699510831586
"new_3_440.mat",0.489517819706499
"new_3_441.mat",0.0576519916142558
"new_3_442.mat",0.155485674353599
"new_3_443.mat",0.269392033542977
"new_3_444.mat",0.90041928721174
"new_3_445.mat",0.340146750524109
"new_3_446.mat",0.11932215234102
"new_3_447.mat",0.595911949685535
"new_3_448.mat",0.243710691823899
"new_3_449.mat",0.717505241090147
"new_3_450.mat",0.179944095038435
"new_3_451.mat",0.265373864430468
"new_3_452.mat",0.710167714884696
"new_3_453.mat",0.714185883997205
"new_3_454.mat",0.379105520614955
"new_3_455.mat",0.04979035639413
"new_3_456.mat",0.588749126484976
"new_3_457.mat",0.189902166317261
"new_3_458.mat",0.593116701607268
"new_3_459.mat",0.857442348008386
"new_3_460.mat",0.615478686233403
"new_3_461.mat",0.449336128581412
"new_3_462.mat",0.659154437456324
"new_3_463.mat",0.190076869322152
"new_3_464.mat",0.744758909853249
"new_3_465.mat",0.382250174703005
"new_3_466.mat",0.652341020265549
"new_3_467.mat",0.300489168413697
"new_3_468.mat",0.555380852550664
"new_3_469.mat",0.150244584206848
"new_3_470.mat",0.541928721174004
"new_3_471.mat",0.43361285814116
"new_3_472.mat",0.749301187980433
"new_3_473.mat",0.362858141160028
"new_3_474.mat",0.445667365478686
"new_3_475.mat",0.319706498951782
"new_3_476.mat",0.360412299091544
"new_3_477.mat",0.528127183787561
"new_3_478.mat",0.126484975541579
"new_3_479.mat",0.180642907058001
"new_3_480.mat",0.511879804332634
"new_3_481.mat",0.679070580013976
"new_3_482.mat",0.178895877009085
"new_3_483.mat",0.521837875611461
"new_3_484.mat",0.173829489867226
"new_3_485.mat",0.262928022361985
"new_3_486.mat",0.160552061495458
"new_3_487.mat",0.657582110412299
"new_3_488.mat",0.530747728860936
"new_3_489.mat",0.715932914046122
"new_3_490.mat",0.294549266247379
"new_3_491.mat",0.198637316561845
"new_3_492.mat",0.625611460517121
"new_3_493.mat",0.268169112508735
"new_3_494.mat",0.533368273934312
"new_3_495.mat",0.495981830887491
"new_3_496.mat",0.561146051712089
"new_3_497.mat",0.530747728860936
"new_3_498.mat",0.261879804332635
"new_3_499.mat",0.311320754716981
"new_3_500.mat",0.457547169811321
"new_3_501.mat",0.264150943396226
"new_3_502.mat",0.628756114605171
"new_3_503.mat",0.275856044723969
"new_3_504.mat",0.806254367575122
"new_3_505.mat",0.222746331236897
"new_3_506.mat",0.64937106918239
"new_3_507.mat",0.123340321453529
"new_3_508.mat",0.370719776380154
"new_3_509.mat",0.551362683438155
"new_3_510.mat",0.204227812718379
"new_3_511.mat",0.105695317959469
"new_3_512.mat",0.417365478686233
"new_3_513.mat",0.184486373165618
"new_3_514.mat",0.269566736547869
"new_3_515.mat",0.760656883298393
"new_3_516.mat",0.0719776380153739
"new_3_517.mat",0.185359888190077
"new_3_518.mat",0.341369671558351
"new_3_519.mat",0.825646401118099
"new_3_520.mat",0.216981132075472
"new_3_521.mat",0.190950384346611
"new_3_522.mat",0.939203354297694
"new_3_523.mat",0.645702306079665
"new_3_524.mat",0.642033542976939
"new_3_525.mat",0.184486373165618
"new_3_526.mat",0.240740740740741
"new_3_527.mat",0.612159329140461
"new_3_528.mat",0.430118798043326
"new_3_529.mat",0.553633822501747
"new_3_530.mat",0.430817610062893
"new_3_531.mat",0.617400419287212
"new_3_532.mat",0.386443046820405
"new_3_533.mat",0.560097833682739
"new_3_534.mat",0.448986722571628
"new_3_535.mat",0.664744933612858
"new_3_536.mat",0.775506638714186
"new_3_537.mat",0.290705800139762
"new_3_538.mat",0.186233403214535
"new_3_539.mat",0.743186582809224
"new_3_540.mat",0.265024458420685
"new_3_541.mat",0.319881201956674
"new_3_542.mat",0.342243186582809
"new_3_543.mat",0.10167714884696
"new_3_544.mat",0.00786163522012579
"new_3_545.mat",0.223619846261356
"new_3_546.mat",0.931691125087352
"new_3_547.mat",0.232879105520615
"new_3_548.mat",0.166841369671558
"new_3_549.mat",0.188329839273235
"new_3_550.mat",0.730607966457023
"new_3_551.mat",0.63067784765898
"new_3_552.mat",0.211565338923829
"new_3_553.mat",0.441649196366177
"new_3_554.mat",0.802760307477289
"new_3_555.mat",0.0903214535290007
"new_3_556.mat",0.489692522711391
"new_3_557.mat",0.343990216631726
"new_3_558.mat",0.242313067784766
"new_3_559.mat",0.270440251572327
"new_3_560.mat",0.455101327742837
"new_3_561.mat",0.160552061495458
"new_3_562.mat",0.376659678546471
"new_3_563.mat",0.61408106219427
"new_3_564.mat",0.139762403913347
"new_3_565.mat",0.218029350104822
"new_3_566.mat",0.658280922431866
"new_3_567.mat",0.459643605870021
"new_3_568.mat",0.3382250174703
"new_3_569.mat",0.362334032145353
"new_3_570.mat",0.838050314465409
"new_3_571.mat",0.274807826694619
"new_3_572.mat",0.559923130677848
"new_3_573.mat",0.446890286512928
"new_3_574.mat",0.827393431167016
"new_3_575.mat",0.737945492662474
"new_3_576.mat",0.2458071278826
"new_3_577.mat",0.647624039133473
"new_3_578.mat",0.265373864430468
"new_3_579.mat",0.220125786163522
"new_3_580.mat",0.37962962962963
"new_3_581.mat",0.490740740740741
"new_3_582.mat",0.130503144654088
"new_3_583.mat",0.0690076869322152
"new_3_584.mat",0.118623340321454
"new_3_585.mat",0.0864779874213836
"new_3_586.mat",0.91911250873515
"new_3_587.mat",0.625262054507338
"new_3_588.mat",0.383298392732355
"new_3_589.mat",0.216282320055905
"new_3_590.mat",0.565863032844165
"new_3_591.mat",0.406883298392732
"new_3_592.mat",0.421558350803634
"new_3_593.mat",0.403738644304682
"new_3_594.mat",0.194793850454228
"new_3_595.mat",0.352026554856744
"new_3_596.mat",0.193046820405311
"new_3_597.mat",0.629105520614955
"new_3_598.mat",0.776904262753319
"new_3_599.mat",0.389412997903564
"new_3_600.mat",0.171383647798742
"new_3_601.mat",0.270265548567435
"new_3_602.mat",0.563067784765898
"new_3_603.mat",0.172606568832984
"new_3_604.mat",0.0676100628930818
"new_3_605.mat",0.509433962264151
"new_3_606.mat",0.176799440950384
"new_3_607.mat",0.142033542976939
"new_3_608.mat",0.374737945492662
"new_3_609.mat",0.943046820405311
"new_3_610.mat",0.127009084556254
"new_3_611.mat",0.226240391334731
"new_3_612.mat",0.157756813417191
"new_3_613.mat",0.735324947589098
"new_3_614.mat",0.435010482180294
"new_3_615.mat",0.348183088749126
"new_3_616.mat",0.857267645003494
"new_3_617.mat",0.156009783368274
"new_3_618.mat",0.771139063591894
"new_3_619.mat",0.167714884696017
"new_3_620.mat",0.296995108315863
"new_3_621.mat",0.744758909853249
"new_3_622.mat",0.0857791754018169
"new_3_623.mat",0.318134171907757
"new_3_624.mat",0.445667365478686
"new_3_625.mat",0.460342417889588
"new_3_626.mat",0.353249475890985
"new_3_627.mat",0.366002795248078
"new_3_628.mat",0.509783368273934
"new_3_629.mat",0.223095737246681
"new_3_630.mat",0.184835779175402
"new_3_631.mat",0.45440251572327
"new_3_632.mat",0.774807826694619
"new_3_633.mat",0.403214535290007
"new_3_634.mat",0.671907756813417
"new_3_635.mat",0.610761705101328
"new_3_636.mat",0.21366177498253
"new_3_637.mat",0.558700209643606
"new_3_638.mat",0.610062893081761
"new_3_639.mat",0.411949685534591
"new_3_640.mat",0.429594689028651
"new_3_641.mat",0.496680642907058
"new_3_642.mat",0.356568832983927
"new_3_643.mat",0.793850454227813
"new_3_644.mat",0.41911250873515
"new_3_645.mat",0.62962962962963
"new_3_646.mat",0.346261355695318
"new_3_647.mat",0.0759958071278826
"new_3_648.mat",0.745283018867924
"new_3_649.mat",0.890461215932914
"new_3_650.mat",0.561495457721873
"new_3_651.mat",0.789308176100629
"new_3_652.mat",0.683787561146052
"new_3_653.mat",0.26974143955276
"new_3_654.mat",0.252795248078267
"new_3_655.mat",0.405136268343816
"new_3_656.mat",0.542802236198463
"new_3_657.mat",0.51659678546471
"new_3_658.mat",0.63067784765898
"new_3_659.mat",0.13801537386443
"new_3_660.mat",0.489517819706499
"new_3_661.mat",0.71575821104123
"new_3_662.mat",0.31848357791754
"new_3_663.mat",0.566212438853948
"new_3_664.mat",0.524109014675052
"new_3_665.mat",0.421558350803634
"new_3_666.mat",0.555904961565339
"new_3_667.mat",0.461390635918938
"new_3_668.mat",0.256289308176101
"new_3_669.mat",0.558350803633823
"new_3_670.mat",0.275506638714186
"new_3_671.mat",0.332285115303983
"new_3_672.mat",0.0600978336827393
"new_3_673.mat",0.375786163522013
"new_3_674.mat",0.179944095038435
"new_3_675.mat",0.826170510132774
"new_3_676.mat",0.688853948287911
"new_3_677.mat",0.340321453529001
"new_3_678.mat",0.886268343815514
"new_3_679.mat",0.621418588399721
"new_3_680.mat",0.0723270440251572
"new_3_681.mat",0.0600978336827393
"new_3_682.mat",0.0648148148148148
"new_3_683.mat",0.527952480782669
"new_3_684.mat",0.409503843466108
"new_3_685.mat",0.429070580013976
"new_3_686.mat",0.183088749126485
"new_3_687.mat",0.21261355695318
"new_3_688.mat",0.484626135569532
"new_3_689.mat",0.302410901467505
"new_3_690.mat",0.313067784765898
